-0.758975, 1.639253, -1.550993, 1.127544, -0.362966, 1.895108
-0.763828, 1.656264, -1.554609, 1.152088, -0.368438, 1.908351
-0.762930, 1.670606, -1.546810, 1.171239, -0.370990, 1.920289
-0.762641, 1.685029, -1.540314, 1.190496, -0.373804, 1.932295
-0.762911, 1.699528, -1.535024, 1.209852, -0.376854, 1.944366
-0.763692, 1.714099, -1.530844, 1.229300, -0.380116, 1.956499
-0.764936, 1.728738, -1.527676, 1.248831, -0.383566, 1.968691
-0.766595, 1.743439, -1.525422, 1.268440, -0.387181, 1.980938
-0.768619, 1.758198, -1.523987, 1.288118, -0.390934, 1.993238
-0.770960, 1.773011, -1.523273, 1.307859, -0.394803, 2.005587
-0.773569, 1.787874, -1.523182, 1.327654, -0.398763, 2.017984
-0.776399, 1.802781, -1.523617, 1.347497, -0.402790, 2.030423
-0.779400, 1.817729, -1.524483, 1.367380, -0.406859, 2.042903
-0.782524, 1.832712, -1.525680, 1.387295, -0.410947, 2.055421
-0.785723, 1.847727, -1.527113, 1.407236, -0.415028, 2.067973
-0.788948, 1.862769, -1.528684, 1.427195, -0.419080, 2.080556
-0.792150, 1.877833, -1.530296, 1.447165, -0.423078, 2.093167
-0.795290, 1.892912, -1.531854, 1.467137, -0.427008, 2.105800
-0.798327, 1.907999, -1.533265, 1.487103, -0.430858, 2.118447
-0.801223, 1.923086, -1.534435, 1.507055, -0.434616, 2.131101
-0.803938, 1.938164, -1.535269, 1.526984, -0.438272, 2.143755
-0.806434, 1.953228, -1.535674, 1.546882, -0.441813, 2.156400
-0.808676, 1.968268, -1.535566, 1.566741, -0.445231, 2.169031
-0.810679, 1.983282, -1.534958, 1.586560, -0.448540, 2.181642
-0.812486, 1.998267, -1.533919, 1.606344, -0.451770, 2.194228
-0.814138, 2.013222, -1.532517, 1.626095, -0.454949, 2.206786
-0.815679, 2.028145, -1.530823, 1.645817, -0.458107, 2.219310
-0.817150, 2.043035, -1.528904, 1.665514, -0.461273, 2.231796
-0.818594, 2.057890, -1.526830, 1.685189, -0.464477, 2.244240
-0.820054, 2.072707, -1.524670, 1.704845, -0.467746, 2.256638
-0.821572, 2.087486, -1.522492, 1.724487, -0.471111, 2.268986
-0.823189, 2.102224, -1.520367, 1.744118, -0.474601, 2.281278
-0.824950, 2.116921, -1.518363, 1.763740, -0.478244, 2.293511
-0.826896, 2.131573, -1.516548, 1.783359, -0.482070, 2.305680
-0.829069, 2.146179, -1.514993, 1.802977, -0.486107, 2.317781
-0.831513, 2.160739, -1.513765, 1.822597, -0.490386, 2.329809
-0.834264, 2.175250, -1.512933, 1.842225, -0.494930, 2.341763
-0.837339, 2.189724, -1.512557, 1.861866, -0.499731, 2.353653
-0.840737, 2.204172, -1.512678, 1.881529, -0.504767, 2.365494
-0.844417, 2.218603, -1.513259, 1.901214, -0.509996, 2.377297
-0.848324, 2.233024, -1.514234, 1.920920, -0.515368, 2.389077
-0.852404, 2.247445, -1.515541, 1.940645, -0.520836, 2.400845
-0.856604, 2.261872, -1.517113, 1.960389, -0.526349, 2.412614
-0.860869, 2.276314, -1.518887, 1.980150, -0.531860, 2.424396
-0.865146, 2.290778, -1.520799, 1.999926, -0.537319, 2.436204
-0.869380, 2.305273, -1.522784, 2.019718, -0.542678, 2.448050
-0.873517, 2.319806, -1.524777, 2.039523, -0.547887, 2.459948
-0.877503, 2.334386, -1.526714, 2.059340, -0.552898, 2.471908
-0.881284, 2.349020, -1.528530, 2.079169, -0.557661, 2.483945
-0.884806, 2.363715, -1.530162, 2.099007, -0.562129, 2.496070
-0.888015, 2.378481, -1.531545, 2.118854, -0.566251, 2.508295
-0.890857, 2.393326, -1.532614, 2.138708, -0.569979, 2.520634
-0.893281, 2.408254, -1.533306, 2.158568, -0.573269, 2.533098
-0.895258, 2.423265, -1.533565, 2.178428, -0.576105, 2.545683
-0.896772, 2.438349, -1.533339, 2.198283, -0.578488, 2.558382
-0.897804, 2.453501, -1.532575, 2.218127, -0.580418, 2.571188
-0.898347, 2.468713, -1.531244, 2.237954, -0.581899, 2.584092
-0.898437, 2.483983, -1.529396, 2.257769, -0.582957, 2.597091
-0.898116, 2.499310, -1.527102, 2.277577, -0.583623, 2.610177
-0.897429, 2.514693, -1.524432, 2.297384, -0.583928, 2.623348
-0.896420, 2.530130, -1.521457, 2.317196, -0.583901, 2.636597
-0.895131, 2.545619, -1.518248, 2.337018, -0.583573, 2.649919
-0.893608, 2.561159, -1.514874, 2.356856, -0.582975, 2.663311
-0.891894, 2.576750, -1.511407, 2.376715, -0.582137, 2.676767
-0.890032, 2.592388, -1.507918, 2.396602, -0.581090, 2.690281
-0.888067, 2.608074, -1.504476, 2.416521, -0.579863, 2.703850
-0.886043, 2.623805, -1.501152, 2.436478, -0.578489, 2.717468
-0.884003, 2.639580, -1.498017, 2.456480, -0.576996, 2.731130
-0.881991, 2.655398, -1.495141, 2.476531, -0.575416, 2.744832
-0.880050, 2.671257, -1.492594, 2.496637, -0.573778, 2.758567
-0.878210, 2.687152, -1.490417, 2.516796, -0.572107, 2.772331
-0.876481, 2.703074, -1.488614, 2.536997, -0.570415, 2.786112
-0.874873, 2.719012, -1.487187, 2.557230, -0.568716, 2.799904
-0.873396, 2.734958, -1.486140, 2.577483, -0.567024, 2.813695
-0.872060, 2.750900, -1.485475, 2.597744, -0.565352, 2.827477
-0.870874, 2.766829, -1.485194, 2.618003, -0.563714, 2.841242
-0.869848, 2.782735, -1.485299, 2.638247, -0.562123, 2.854979
-0.868993, 2.798609, -1.485793, 2.658467, -0.560593, 2.868680
-0.868317, 2.814440, -1.486679, 2.678650, -0.559136, 2.882335
-0.867830, 2.830220, -1.487959, 2.698786, -0.557765, 2.895937
-0.867534, 2.845945, -1.489632, 2.718865, -0.556485, 2.909484
-0.867424, 2.861614, -1.491680, 2.738884, -0.555295, 2.922979
-0.867471, 2.877232, -1.494044, 2.758848, -0.554184, 2.936424
-0.867646, 2.892805, -1.496660, 2.778766, -0.553140, 2.949824
-0.867922, 2.908337, -1.499466, 2.798645, -0.552150, 2.963183
-0.868268, 2.923835, -1.502398, 2.818493, -0.551203, 2.976505
-0.868656, 2.939302, -1.505393, 2.838318, -0.550287, 2.989795
-0.869056, 2.954746, -1.508389, 2.858126, -0.549389, 3.003056
-0.869439, 2.970171, -1.511322, 2.877927, -0.548498, 3.016293
-0.869777, 2.985582, -1.514129, 2.897726, -0.547602, 3.029510
-0.870041, 3.000985, -1.516747, 2.917532, -0.546688, 3.042711
-0.870200, 3.016384, -1.519112, 2.937353, -0.545744, 3.055900
-0.870226, 3.031786, -1.521162, 2.957196, -0.544759, 3.069081
-0.870091, 3.047196, -1.522834, 2.977069, -0.543720, 3.082259
-0.869767, 3.062619, -1.524069, 2.996979, -0.542616, 3.095438
-0.869260, 3.078056, -1.524873, 3.016927, -0.541453, 3.108620
-0.868598, 3.093508, -1.525298, 3.036910, -0.540248, 3.121807
-0.867809, 3.108975, -1.525395, 3.056925, -0.539016, 3.135000
-0.866922, 3.124457, -1.525216, 3.076969, -0.537775, 3.148201
-0.865964, 3.139953, -1.524812, 3.097039, -0.536541, 3.161411
-0.864965, 3.155465, -1.524235, 3.117132, -0.535330, 3.174631
-0.863953, 3.170991, -1.523538, 3.137244, -0.534161, 3.187864
-0.862955, 3.186531, -1.522770, 3.157373, -0.533048, 3.201111
-0.862001, 3.202087, -1.521986, 3.177515, -0.532009, 3.214373
-0.861118, 3.217657, -1.521235, 3.197668, -0.531060, 3.227651
-0.860336, 3.233241, -1.520570, 3.217828, -0.530219, 3.240948
-0.859681, 3.248840, -1.520042, 3.237992, -0.529500, 3.254264
-0.859176, 3.264451, -1.519701, 3.258157, -0.528913, 3.267598
-0.858830, 3.280072, -1.519569, 3.278319, -0.528460, 3.280948
-0.858621, 3.295702, -1.519611, 3.298478, -0.528126, 3.294314
-0.858526, 3.311340, -1.519787, 3.318632, -0.527896, 3.307694
-0.858521, 3.326985, -1.520053, 3.338782, -0.527754, 3.321087
-0.858581, 3.342636, -1.520369, 3.358926, -0.527687, 3.334491
-0.858683, 3.358292, -1.520693, 3.379063, -0.527677, 3.347906
-0.858802, 3.373952, -1.520983, 3.399194, -0.527711, 3.361331
-0.858914, 3.389615, -1.521197, 3.419317, -0.527772, 3.374764
-0.858995, 3.405279, -1.521294, 3.439431, -0.527846, 3.388204
-0.859021, 3.420945, -1.521232, 3.459537, -0.527916, 3.401649
-0.858969, 3.436611, -1.520969, 3.479632, -0.527968, 3.415100
-0.858813, 3.452275, -1.520463, 3.499717, -0.527987, 3.428555
-0.858529, 3.467938, -1.519674, 3.519791, -0.527957, 3.442012
-0.858097, 3.483598, -1.518564, 3.539853, -0.527864, 3.455470
-0.857511, 3.499252, -1.517129, 3.559900, -0.527703, 3.468928
-0.856775, 3.514900, -1.515383, 3.579931, -0.527471, 3.482384
-0.855890, 3.530538, -1.513337, 3.599941, -0.527167, 3.495837
-0.854860, 3.546166, -1.511004, 3.619928, -0.526789, 3.509284
-0.853688, 3.561780, -1.508395, 3.639890, -0.526335, 3.522724
-0.852376, 3.577379, -1.505524, 3.659824, -0.525803, 3.536156
-0.850928, 3.592960, -1.502401, 3.679726, -0.525192, 3.549578
-0.849346, 3.608523, -1.499040, 3.699594, -0.524499, 3.562987
-0.847633, 3.624064, -1.495452, 3.719426, -0.523723, 3.576383
-0.845792, 3.639581, -1.491650, 3.739217, -0.522863, 3.589763
-0.843825, 3.655073, -1.487646, 3.758966, -0.521915, 3.603126
-0.841738, 3.670538, -1.483452, 3.778670, -0.520882, 3.616471
-0.839542, 3.685974, -1.479084, 3.798326, -0.519771, 3.629798
-0.837244, 3.701382, -1.474550, 3.817932, -0.518590, 3.643107
-0.834848, 3.716761, -1.469851, 3.837486, -0.517347, 3.656398
-0.832358, 3.732109, -1.464983, 3.856985, -0.516046, 3.669672
-0.829776, 3.747427, -1.459942, 3.876426, -0.514693, 3.682928
-0.827104, 3.762714, -1.454727, 3.895808, -0.513292, 3.696167
-0.824344, 3.777969, -1.449333, 3.915128, -0.511850, 3.709390
-0.821500, 3.793192, -1.443759, 3.934384, -0.510371, 3.722597
-0.818575, 3.808382, -1.438001, 3.953572, -0.508862, 3.735787
-0.815570, 3.823538, -1.432056, 3.972692, -0.507327, 3.748961
-0.812488, 3.838660, -1.425922, 3.991739, -0.505771, 3.762120
-0.809332, 3.853747, -1.419595, 4.010713, -0.504201, 3.775263
-0.806105, 3.868798, -1.413072, 4.029610, -0.502622, 3.788392
-0.802809, 3.883813, -1.406351, 4.048429, -0.501038, 3.801505
-0.799447, 3.898791, -1.399428, 4.067166, -0.499456, 3.814604
-0.796012, 3.913727, -1.392283, 4.085808, -0.497876, 3.827686
-0.792468, 3.928594, -1.384835, 4.104305, -0.496284, 3.840739
-0.788759, 3.943364, -1.376985, 4.122598, -0.494646, 3.853747
-0.784804, 3.958004, -1.368628, 4.140628, -0.492893, 3.866692
-0.780522, 3.972481, -1.359658, 4.158336, -0.490954, 3.879554
-0.775859, 3.986779, -1.350029, 4.175694, -0.488774, 3.892321
-0.770860, 4.000933, -1.339891, 4.192781, -0.486345, 3.905008
-0.765593, 4.014990, -1.329437, 4.209697, -0.483671, 3.917636
-0.760124, 4.028997, -1.318859, 4.226541, -0.480756, 3.930225
-0.754518, 4.043001, -1.308350, 4.243415, -0.477603, 3.942794
-0.748844, 4.057049, -1.298101, 4.260418, -0.474215, 3.955365
-0.743185, 4.071188, -1.288311, 4.277650, -0.470621, 3.967958
-0.737654, 4.085467, -1.279188, 4.295212, -0.466886, 3.980595
-0.732341, 4.099921, -1.270889, 4.313179, -0.463066, 3.993292
-0.727234, 4.114538, -1.263369, 4.331532, -0.459166, 4.006042
-0.722298, 4.129294, -1.256534, 4.350224, -0.455179, 4.018829
-0.717495, 4.144163, -1.250290, 4.369211, -0.451098, 4.031639
-0.712791, 4.159121, -1.244541, 4.388448, -0.446916, 4.044458
-0.708148, 4.174145, -1.239195, 4.407889, -0.442624, 4.057272
-0.703530, 4.189208, -1.234155, 4.427490, -0.438218, 4.070067
-0.698901, 4.204287, -1.229328, 4.447206, -0.433688, 4.082827
-0.694226, 4.219357, -1.224619, 4.466991, -0.429029, 4.095540
-0.689466, 4.234394, -1.219934, 4.486801, -0.424232, 4.108190
-0.684587, 4.249372, -1.215178, 4.506590, -0.419292, 4.120764
-0.679552, 4.264269, -1.210257, 4.526314, -0.414200, 4.133246
-0.674330, 4.279064, -1.205078, 4.545930, -0.408956, 4.145631
-0.668899, 4.293753, -1.199552, 4.565398, -0.403573, 4.157930
-0.663241, 4.308330, -1.193590, 4.584681, -0.398067, 4.170155
-0.657335, 4.322793, -1.187102, 4.603740, -0.392452, 4.182319
-0.651168, 4.337138, -1.180012, 4.622542, -0.386745, 4.194436
-0.644775, 4.351387, -1.172342, 4.641099, -0.380992, 4.206532
-0.638223, 4.365573, -1.164173, 4.659446, -0.375247, 4.218637
-0.631575, 4.379729, -1.155587, 4.677620, -0.369570, 4.230783
-0.624899, 4.393887, -1.146663, 4.695657, -0.364016, 4.243002
-0.618257, 4.408081, -1.137483, 4.713595, -0.358644, 4.255324
-0.611695, 4.422332, -1.128120, 4.731464, -0.353483, 4.267766
-0.605215, 4.436635, -1.118634, 4.749290, -0.348506, 4.280307
-0.598814, 4.450983, -1.109084, 4.767096, -0.343679, 4.292926
-0.592489, 4.465368, -1.099527, 4.784903, -0.338970, 4.305601
-0.586237, 4.479784, -1.090020, 4.802735, -0.334345, 4.318308
-0.580044, 4.494218, -1.080600, 4.820604, -0.329767, 4.331024
-0.573893, 4.508653, -1.071294, 4.838517, -0.325193, 4.343722
-0.567765, 4.523077, -1.062129, 4.856481, -0.320583, 4.356374
-0.561642, 4.537472, -1.053133, 4.874503, -0.315897, 4.368956
-0.555506, 4.551824, -1.044332, 4.892590, -0.311093, 4.381441
-0.549338, 4.566119, -1.035754, 4.910750, -0.306130, 4.393803
-0.543121, 4.580340, -1.027425, 4.928989, -0.300969, 4.406015
-0.536836, 4.594472, -1.019373, 4.947315, -0.295567, 4.418051
-0.530464, 4.608501, -1.011624, 4.965734, -0.289884, 4.429885
-0.523996, 4.622417, -1.004202, 4.984254, -0.283894, 4.441498
-0.517416, 4.636215, -0.997055, 5.002860, -0.277597, 4.452893
-0.510689, 4.649887, -0.990090, 5.021522, -0.270988, 4.464070
-0.503780, 4.663424, -0.983214, 5.040213, -0.264064, 4.475030
-0.496656, 4.676817, -0.976330, 5.058903, -0.256819, 4.485774
-0.489283, 4.690057, -0.969346, 5.077564, -0.249251, 4.496304
-0.481625, 4.703136, -0.962167, 5.096166, -0.241355, 4.506620
-0.473652, 4.716044, -0.954702, 5.114683, -0.233127, 4.516725
-0.465360, 4.728781, -0.946923, 5.133099, -0.224579, 4.526621
-0.456768, 4.741347, -0.938837, 5.151408, -0.215734, 4.536317
-0.447892, 4.753746, -0.930453, 5.169601, -0.206612, 4.545819
-0.438750, 4.765980, -0.921781, 5.187673, -0.197235, 4.555133
-0.429360, 4.778050, -0.912830, 5.205617, -0.187625, 4.564266
-0.419739, 4.789959, -0.903610, 5.223427, -0.177803, 4.573225
-0.409904, 4.801708, -0.894128, 5.241094, -0.167792, 4.582016
-0.399874, 4.813301, -0.884395, 5.258613, -0.157613, 4.590645
-0.389665, 4.824740, -0.874420, 5.275978, -0.147287, 4.599121
-0.379295, 4.836026, -0.864212, 5.293180, -0.136836, 4.607448
-0.368782, 4.847161, -0.853781, 5.310214, -0.126282, 4.615635
-0.358143, 4.858149, -0.843135, 5.327072, -0.115647, 4.623687
-0.347396, 4.868990, -0.832283, 5.343748, -0.104952, 4.631611
-0.336558, 4.879688, -0.821236, 5.360236, -0.094219, 4.639414
-0.325645, 4.890243, -0.810001, 5.376527, -0.083467, 4.647101
-0.314662, 4.900656, -0.798584, 5.392616, -0.072701, 4.654676
-0.303609, 4.910923, -0.786987, 5.408492, -0.061919, 4.662138
-0.292485, 4.921042, -0.775215, 5.424148, -0.051120, 4.669489
-0.281290, 4.931011, -0.763270, 5.439576, -0.040301, 4.676729
-0.270026, 4.940828, -0.751156, 5.454768, -0.029460, 4.683858
-0.258689, 4.950493, -0.738875, 5.469722, -0.018596, 4.690879
-0.247280, 4.960010, -0.726427, 5.484439, -0.007706, 4.697795
-0.235796, 4.969380, -0.713813, 5.498921, 0.003212, 4.704609
-0.224237, 4.978606, -0.701034, 5.513171, 0.014162, 4.711324
-0.212600, 4.987692, -0.688090, 5.527189, 0.025145, 4.717944
-0.200885, 4.996640, -0.674983, 5.540978, 0.036163, 4.724471
-0.189091, 5.005452, -0.661712, 5.554539, 0.047220, 4.730908
-0.177214, 5.014131, -0.648279, 5.567875, 0.058318, 4.737259
-0.165255, 5.022680, -0.634683, 5.580986, 0.069459, 4.743527
-0.153212, 5.031101, -0.620927, 5.593875, 0.080645, 4.749715
-0.141084, 5.039398, -0.607011, 5.606543, 0.091880, 4.755825
-0.128868, 5.047572, -0.592935, 5.618993, 0.103165, 4.761862
-0.116564, 5.055627, -0.578700, 5.631225, 0.114503, 4.767828
-0.104171, 5.063565, -0.564306, 5.643243, 0.125897, 4.773727
-0.091686, 5.071389, -0.549756, 5.655046, 0.137349, 4.779561
-0.079109, 5.079102, -0.535048, 5.666638, 0.148861, 4.785333
-0.066438, 5.086705, -0.520184, 5.678020, 0.160436, 4.791047
-0.053671, 5.094202, -0.505165, 5.689194, 0.172076, 4.796707
-0.040808, 5.101595, -0.489992, 5.700161, 0.183784, 4.802312
-0.027849, 5.108876, -0.474665, 5.710919, 0.195559, 4.807854
-0.014794, 5.116034, -0.459186, 5.721467, 0.207402, 4.813317
-0.001646, 5.123057, -0.443557, 5.731800, 0.219310, 4.818686
0.011596, 5.129935, -0.427779, 5.741916, 0.231283, 4.823945
0.024929, 5.136656, -0.411854, 5.751813, 0.243321, 4.829078
0.038354, 5.143210, -0.395784, 5.761486, 0.255422, 4.834071
0.051868, 5.149584, -0.379569, 5.770935, 0.267586, 4.838908
0.065471, 5.155768, -0.363212, 5.780154, 0.279812, 4.843574
0.079161, 5.161750, -0.346713, 5.789143, 0.292098, 4.848053
0.092938, 5.167519, -0.330075, 5.797897, 0.304445, 4.852330
0.106801, 5.173065, -0.313299, 5.806415, 0.316851, 4.856389
0.120748, 5.178375, -0.296387, 5.814692, 0.329315, 4.860216
0.134778, 5.183438, -0.279340, 5.822727, 0.341837, 4.863794
0.148891, 5.188244, -0.262159, 5.830516, 0.354415, 4.867108
0.163084, 5.192781, -0.244847, 5.838057, 0.367050, 4.870143
0.177358, 5.197038, -0.227404, 5.845347, 0.379740, 4.872884
0.191712, 5.201004, -0.209832, 5.852382, 0.392484, 4.875315
0.206143, 5.204668, -0.192133, 5.859160, 0.405281, 4.877421
0.220649, 5.208046, -0.174309, 5.865688, 0.418128, 4.879224
0.235226, 5.211188, -0.156363, 5.871983, 0.431020, 4.880791
0.249867, 5.214150, -0.138297, 5.878064, 0.443950, 4.882192
0.264569, 5.216982, -0.120115, 5.883950, 0.456911, 4.883499
0.279326, 5.219733, -0.101818, 5.889656, 0.469898, 4.884771
0.294137, 5.222412, -0.083410, 5.895188, 0.482911, 4.886024
0.309002, 5.225021, -0.064890, 5.900546, 0.495949, 4.887258
0.323920, 5.227560, -0.046261, 5.905731, 0.509011, 4.888474
0.338892, 5.230029, -0.027524, 5.910746, 0.522099, 4.889671
0.353915, 5.232430, -0.008680, 5.915589, 0.535213, 4.890850
0.368991, 5.234762, 0.010271, 5.920264, 0.548352, 4.892012
0.384119, 5.237027, 0.029325, 5.924770, 0.561516, 4.893156
0.399298, 5.239226, 0.048483, 5.929109, 0.574706, 4.894284
0.414528, 5.241357, 0.067742, 5.933282, 0.587921, 4.895394
0.429809, 5.243423, 0.087102, 5.937291, 0.601162, 4.896489
0.445140, 5.245424, 0.106561, 5.941135, 0.614429, 4.897568
0.460521, 5.247359, 0.126118, 5.944816, 0.627722, 4.898631
0.475951, 5.249231, 0.145772, 5.948336, 0.641041, 4.899679
0.491430, 5.251038, 0.165521, 5.951694, 0.654385, 4.900710
0.506957, 5.252777, 0.185363, 5.954891, 0.667754, 4.901720
0.522531, 5.254447, 0.205298, 5.957928, 0.681148, 4.902707
0.538151, 5.256046, 0.225323, 5.960803, 0.694566, 4.903667
0.553817, 5.257570, 0.245438, 5.963518, 0.708007, 4.904596
0.569527, 5.259018, 0.265641, 5.966072, 0.721471, 4.905491
0.585281, 5.260387, 0.285930, 5.968466, 0.734957, 4.906348
0.601078, 5.261676, 0.306304, 5.970699, 0.748465, 4.907165
0.616917, 5.262882, 0.326762, 5.972773, 0.761994, 4.907937
0.632796, 5.264003, 0.347302, 5.974686, 0.775544, 4.908662
0.648716, 5.265037, 0.367922, 5.976439, 0.789114, 4.909335
0.664676, 5.265980, 0.388621, 5.978033, 0.802703, 4.909954
0.680674, 5.266832, 0.409398, 5.979467, 0.816311, 4.910515
0.696709, 5.267590, 0.430252, 5.980741, 0.829938, 4.911015
0.712781, 5.268252, 0.451180, 5.981856, 0.843582, 4.911450
0.728889, 5.268815, 0.472181, 5.982812, 0.857244, 4.911816
0.745033, 5.269277, 0.493254, 5.983608, 0.870922, 4.912111
0.761210, 5.269636, 0.514397, 5.984246, 0.884617, 4.912331
0.777421, 5.269889, 0.535609, 5.984724, 0.898327, 4.912472
0.793664, 5.270036, 0.556889, 5.985044, 0.912052, 4.912531
0.809939, 5.270072, 0.578234, 5.985206, 0.925791, 4.912505
0.826245, 5.269997, 0.599644, 5.985208, 0.939545, 4.912391
0.842580, 5.269807, 0.621117, 5.985053, 0.953312, 4.912184
0.858945, 5.269501, 0.642652, 5.984739, 0.967091, 4.911881
0.875338, 5.269076, 0.664247, 5.984267, 0.980883, 4.911480
0.891758, 5.268530, 0.685900, 5.983638, 0.994687, 4.910976
0.908204, 5.267861, 0.707610, 5.982850, 1.008501, 4.910366
0.924677, 5.267066, 0.729377, 5.981905, 1.022327, 4.909647
0.941174, 5.266144, 0.751197, 5.980802, 1.036162, 4.908815
0.957695, 5.265092, 0.773070, 5.979541, 1.050007, 4.907867
0.974238, 5.263908, 0.794995, 5.978124, 1.063860, 4.906800
0.990804, 5.262590, 0.816969, 5.976549, 1.077722, 4.905611
1.007391, 5.261140, 0.838992, 5.974819, 1.091590, 4.904300
1.023996, 5.259558, 0.861061, 5.972934, 1.105464, 4.902869
1.040619, 5.257844, 0.883174, 5.970896, 1.119341, 4.901318
1.057258, 5.256000, 0.905331, 5.968705, 1.133221, 4.899647
1.073911, 5.254026, 0.927529, 5.966363, 1.147102, 4.897857
1.090578, 5.251923, 0.949767, 5.963871, 1.160983, 4.895949
1.107256, 5.249691, 0.972043, 5.961229, 1.174862, 4.893922
1.123944, 5.247331, 0.994356, 5.958440, 1.188738, 4.891777
1.140640, 5.244845, 1.016703, 5.955504, 1.202609, 4.889515
1.157344, 5.242232, 1.039084, 5.952422, 1.216474, 4.887137
1.174053, 5.239493, 1.061495, 5.949195, 1.230333, 4.884642
1.190767, 5.236630, 1.083937, 5.945825, 1.244182, 4.882032
1.207483, 5.233642, 1.106406, 5.942312, 1.258021, 4.879307
1.224200, 5.230530, 1.128902, 5.938658, 1.271849, 4.876467
1.240917, 5.227296, 1.151423, 5.934864, 1.285664, 4.873512
1.257632, 5.223940, 1.173966, 5.930931, 1.299465, 4.870445
1.274344, 5.220463, 1.196531, 5.926860, 1.313250, 4.867264
1.291050, 5.216864, 1.219116, 5.922652, 1.327018, 4.863970
1.307751, 5.213146, 1.241719, 5.918309, 1.340767, 4.860565
1.324444, 5.209309, 1.264338, 5.913830, 1.354496, 4.857048
1.341127, 5.205353, 1.286972, 5.909219, 1.368205, 4.853420
1.357800, 5.201279, 1.309618, 5.904475, 1.381890, 4.849681
1.374462, 5.197094, 1.332277, 5.899601, 1.395555, 4.845841
1.391118, 5.192809, 1.354948, 5.894603, 1.409202, 4.841913
1.407768, 5.188435, 1.377630, 5.889485, 1.422837, 4.837910
1.424415, 5.183983, 1.400323, 5.884251, 1.436462, 4.833849
1.441063, 5.179463, 1.423027, 5.878905, 1.450081, 4.829742
1.457713, 5.174887, 1.445741, 5.873453, 1.463699, 4.825604
1.474369, 5.170266, 1.468465, 5.867900, 1.477320, 4.821449
1.491031, 5.165611, 1.491199, 5.862248, 1.490947, 4.817292
1.507704, 5.160933, 1.513943, 5.856504, 1.504585, 4.813148
1.524389, 5.156243, 1.536695, 5.850672, 1.518236, 4.809029
1.541090, 5.151552, 1.559456, 5.844755, 1.531906, 4.804951
1.557808, 5.146871, 1.582225, 5.838760, 1.545599, 4.800927
1.574546, 5.142212, 1.605003, 5.832690, 1.559317, 4.796973
1.591306, 5.137584, 1.627788, 5.826549, 1.573065, 4.793102
1.608089, 5.132992, 1.650579, 5.820341, 1.586844, 4.789318
1.624894, 5.128432, 1.673376, 5.814064, 1.600652, 4.785617
1.641716, 5.123899, 1.696175, 5.807717, 1.614487, 4.781990
1.658556, 5.119389, 1.718975, 5.801301, 1.628346, 4.778432
1.675409, 5.114896, 1.741774, 5.794815, 1.642227, 4.774937
1.692275, 5.110418, 1.764570, 5.788257, 1.656127, 4.771498
1.709151, 5.105948, 1.787362, 5.781628, 1.670045, 4.768107
1.726034, 5.101482, 1.810147, 5.774926, 1.683978, 4.764760
1.742924, 5.097016, 1.832923, 5.768152, 1.697924, 4.761449
1.759816, 5.092546, 1.855689, 5.761303, 1.711880, 4.758167
1.776710, 5.088066, 1.878442, 5.754381, 1.725844, 4.754909
1.793603, 5.083573, 1.901181, 5.747383, 1.739814, 4.751668
1.810493, 5.079061, 1.923904, 5.740310, 1.753788, 4.748437
1.827378, 5.074526, 1.946609, 5.733160, 1.767763, 4.745209
1.844256, 5.069964, 1.969294, 5.725934, 1.781737, 4.741979
1.861124, 5.065370, 1.991958, 5.718630, 1.795707, 4.738739
1.877980, 5.060739, 2.014597, 5.711248, 1.809672, 4.735484
1.894823, 5.056067, 2.037211, 5.703787, 1.823629, 4.732207
1.911650, 5.051349, 2.059797, 5.696247, 1.837576, 4.728900
1.928458, 5.046582, 2.082354, 5.688627, 1.851510, 4.725559
1.945246, 5.041759, 2.104879, 5.680926, 1.865429, 4.722175
1.962011, 5.036877, 2.127372, 5.673144, 1.879331, 4.718744
1.978752, 5.031932, 2.149829, 5.665279, 1.893214, 4.715258
1.995467, 5.026922, 2.172249, 5.657334, 1.907076, 4.711715
2.012157, 5.021848, 2.194632, 5.649308, 1.920919, 4.708118
2.028819, 5.016712, 2.216975, 5.641204, 1.934741, 4.704466
2.045455, 5.011515, 2.239278, 5.633021, 1.948544, 4.700761
2.062064, 5.006257, 2.261539, 5.624763, 1.962327, 4.697004
2.078645, 5.000940, 2.283757, 5.616429, 1.976090, 4.693195
2.095199, 4.995564, 2.305930, 5.608021, 1.989833, 4.689336
2.111724, 4.990131, 2.328058, 5.599540, 2.003557, 4.685427
2.128220, 4.984642, 2.350138, 5.590987, 2.017261, 4.681469
2.144687, 4.979097, 2.372171, 5.582364, 2.030945, 4.677463
2.161125, 4.973498, 2.394153, 5.573673, 2.044611, 4.673411
2.177533, 4.967846, 2.416085, 5.564913, 2.058257, 4.669313
2.193910, 4.962142, 2.437964, 5.556086, 2.071883, 4.665170
2.210257, 4.956386, 2.459790, 5.547194, 2.085490, 4.660982
2.226573, 4.950580, 2.481560, 5.538237, 2.099079, 4.656752
2.242857, 4.944726, 2.503275, 5.529218, 2.112648, 4.652479
2.259109, 4.938823, 2.524932, 5.520136, 2.126198, 4.648166
2.275329, 4.932873, 2.546530, 5.510994, 2.139729, 4.643812
2.291517, 4.926876, 2.568068, 5.501793, 2.153241, 4.639418
2.307672, 4.920835, 2.589545, 5.492533, 2.166735, 4.634986
2.323793, 4.914750, 2.610959, 5.483217, 2.180209, 4.630517
2.339880, 4.908622, 2.632309, 5.473845, 2.193666, 4.626011
2.355933, 4.902452, 2.653594, 5.464418, 2.207103, 4.621469
2.371952, 4.896241, 2.674812, 5.454937, 2.220522, 4.616893
2.387936, 4.889990, 2.695962, 5.445405, 2.233923, 4.612282
2.403884, 4.883700, 2.717042, 5.435822, 2.247305, 4.607639
2.419797, 4.877373, 2.738053, 5.426189, 2.260669, 4.602964
2.435673, 4.871008, 2.758991, 5.416508, 2.274014, 4.598258
2.451513, 4.864608, 2.779856, 5.406779, 2.287342, 4.593522
2.467316, 4.858173, 2.800647, 5.397005, 2.300651, 4.588757
2.483082, 4.851704, 2.821362, 5.387185, 2.313942, 4.583963
2.498810, 4.845203, 2.841999, 5.377322, 2.327216, 4.579143
2.514500, 4.838669, 2.862559, 5.367417, 2.340471, 4.574296
2.530152, 4.832106, 2.883039, 5.357470, 2.353709, 4.569423
2.545765, 4.825512, 2.903437, 5.347484, 2.366929, 4.564526
2.561338, 4.818890, 2.923754, 5.337459, 2.380131, 4.559605
2.576872, 4.812241, 2.943986, 5.327397, 2.393315, 4.554664
2.592367, 4.805573, 2.964134, 5.317301, 2.406483, 4.549710
2.607821, 4.798895, 2.984196, 5.307174, 2.419634, 4.544755
2.623237, 4.792216, 3.004171, 5.297022, 2.432769, 4.539813
2.638612, 4.785545, 3.024058, 5.286848, 2.445889, 4.534893
2.653948, 4.778890, 3.043855, 5.276656, 2.458995, 4.530008
2.669245, 4.772262, 3.063561, 5.266449, 2.472086, 4.525169
2.684502, 4.765670, 3.083176, 5.256232, 2.485164, 4.520389
2.699719, 4.759121, 3.102698, 5.246008, 2.498230, 4.515678
2.714897, 4.752627, 3.122125, 5.235782, 2.511283, 4.511049
2.730035, 4.746194, 3.141457, 5.225557, 2.524324, 4.506513
2.745134, 4.739834, 3.160693, 5.215338, 2.537355, 4.502082
2.760194, 4.733554, 3.179831, 5.205127, 2.550375, 4.497767
2.775214, 4.727364, 3.198870, 5.194930, 2.563386, 4.493581
2.790195, 4.721273, 3.217809, 5.184749, 2.576387, 4.489535
2.805136, 4.715290, 3.236647, 5.174589, 2.589380, 4.485640
2.820038, 4.709424, 3.255383, 5.164455, 2.602365, 4.481909
2.834900, 4.703685, 3.274015, 5.154348, 2.615343, 4.478353
2.849724, 4.698080, 3.292543, 5.144275, 2.628314, 4.474983
2.864508, 4.692621, 3.310964, 5.134238, 2.641279, 4.471812
2.879252, 4.687314, 3.329279, 5.124241, 2.654239, 4.468851
2.893958, 4.682171, 3.347485, 5.114289, 2.667194, 4.466112
2.908624, 4.677199, 3.365582, 5.104384, 2.680144, 4.463606
2.923245, 4.672371, 3.383567, 5.094520, 2.693084, 4.461297
2.937803, 4.667568, 3.401432, 5.084657, 2.705989, 4.459023
2.952277, 4.662652, 3.419169, 5.074750, 2.718832, 4.456603
2.966646, 4.657489, 3.436770, 5.064754, 2.731584, 4.453857
2.980890, 4.651953, 3.454227, 5.054630, 2.744222, 4.450614
2.995007, 4.646020, 3.471539, 5.044370, 2.756741, 4.446845
3.009009, 4.639731, 3.488719, 5.033989, 2.769153, 4.442602
3.022915, 4.633129, 3.505794, 5.023504, 2.781476, 4.437941
3.036746, 4.626255, 3.522790, 5.012931, 2.793724, 4.432917
3.050521, 4.619153, 3.539733, 5.002288, 2.805914, 4.427585
3.064258, 4.611863, 3.556650, 4.991590, 2.818062, 4.422000
3.077978, 4.604429, 3.573566, 4.980853, 2.830183, 4.416216
3.091699, 4.596892, 3.590509, 4.970095, 2.842295, 4.410290
3.105441, 4.589294, 3.607502, 4.959332, 2.854411, 4.404275
3.119207, 4.581666, 3.624541, 4.948556, 2.866541, 4.398221
3.132982, 4.574026, 3.641583, 4.937735, 2.878682, 4.392171
3.146751, 4.566391, 3.658583, 4.926838, 2.890834, 4.386167
3.160497, 4.558779, 3.675500, 4.915831, 2.902995, 4.380253
3.174205, 4.551206, 3.692287, 4.904681, 2.915163, 4.374468
3.187850, 4.543652, 3.708900, 4.893342, 2.927325, 4.368807
3.201403, 4.536072, 3.725289, 4.881761, 2.939460, 4.363228
3.214834, 4.528419, 3.741407, 4.869883, 2.951548, 4.357688
3.228111, 4.520647, 3.757203, 4.857654, 2.963566, 4.352143
3.241205, 4.512707, 3.772629, 4.845019, 2.975493, 4.346551
3.254086, 4.504555, 3.787639, 4.831926, 2.987309, 4.340869
3.266792, 4.496221, 3.802321, 4.818478, 2.999027, 4.335093
3.279482, 4.487879, 3.817005, 4.805058, 3.010720, 4.329289
3.292330, 4.479714, 3.832050, 4.792079, 3.022469, 4.323531
3.305454, 4.471851, 3.847708, 4.779829, 3.034327, 4.317862
3.318828, 4.464241, 3.863934, 4.768250, 3.046275, 4.312237
3.332397, 4.456804, 3.880631, 4.757219, 3.058279, 4.306596
3.346105, 4.449459, 3.897703, 4.746616, 3.070306, 4.300880
3.359898, 4.442126, 3.915051, 4.736320, 3.082322, 4.295029
3.373732, 4.434752, 3.932582, 4.726218, 3.094307, 4.289020
3.387572, 4.427311, 3.950206, 4.716207, 3.106255, 4.282864
3.401382, 4.419778, 3.967833, 4.706184, 3.118157, 4.276575
3.415134, 4.412134, 3.985382, 4.696059, 3.130009, 4.270172
3.428816, 4.404382, 4.002812, 4.685784, 3.141819, 4.263681
3.442423, 4.396528, 4.020087, 4.675317, 3.153591, 4.257133
3.455948, 4.388579, 4.037174, 4.664620, 3.165335, 4.250558
3.469383, 4.380541, 4.054037, 4.653652, 3.177056, 4.243985
3.482722, 4.372422, 4.070643, 4.642374, 3.188762, 4.237445
3.495959, 4.364226, 4.086956, 4.630745, 3.200460, 4.230967
3.509078, 4.355943, 4.102940, 4.618719, 3.212147, 4.224555
3.522063, 4.347550, 4.118568, 4.606263, 3.223811, 4.218193
3.534928, 4.339064, 4.133874, 4.593424, 3.235455, 4.211884
3.547694, 4.330514, 4.148907, 4.580268, 3.247087, 4.205636
3.560381, 4.321926, 4.163714, 4.566864, 3.258714, 4.199457
3.573010, 4.313329, 4.178345, 4.553277, 3.270343, 4.193355
3.585602, 4.304750, 4.192847, 4.539576, 3.281980, 4.187337
3.598178, 4.296218, 4.207269, 4.525828, 3.293633, 4.181413
3.610759, 4.287759, 4.221660, 4.512099, 3.305309, 4.175589
3.623366, 4.279402, 4.236067, 4.498457, 3.317015, 4.169874
3.636018, 4.271172, 4.250538, 4.484967, 3.328758, 4.164275
3.648723, 4.263075, 4.265093, 4.471648, 3.340538, 4.158788
3.661472, 4.255090, 4.279723, 4.458474, 3.352347, 4.153399
3.674259, 4.247198, 4.294420, 4.445416, 3.364178, 4.148089
3.687076, 4.239380, 4.309175, 4.432447, 3.376026, 4.142846
3.699919, 4.231615, 4.323980, 4.419539, 3.387889, 4.137654
3.712784, 4.223886, 4.338827, 4.406663, 3.399763, 4.132498
3.725668, 4.216174, 4.353709, 4.393793, 3.411647, 4.127364
3.738565, 4.208458, 4.368618, 4.380899, 3.423538, 4.122238
3.751471, 4.200722, 4.383545, 4.367956, 3.435434, 4.117105
3.764383, 4.192945, 4.398484, 4.354933, 3.447332, 4.111950
3.777295, 4.185108, 4.413427, 4.341805, 3.459230, 4.106760
3.790205, 4.177193, 4.428365, 4.328542, 3.471125, 4.101519
3.803107, 4.169181, 4.443291, 4.315117, 3.483015, 4.096213
3.815997, 4.161053, 4.458197, 4.301503, 3.494897, 4.090828
3.828872, 4.152789, 4.473075, 4.287670, 3.506770, 4.085348
3.841726, 4.144372, 4.487918, 4.273595, 3.518630, 4.079761
3.854554, 4.135794, 4.502713, 4.259269, 3.530474, 4.074057
3.867348, 4.127052, 4.517448, 4.244697, 3.542299, 4.068229
3.880103, 4.118143, 4.532108, 4.229884, 3.554100, 4.062272
3.892809, 4.109064, 4.546681, 4.214836, 3.565873, 4.056178
3.905462, 4.099813, 4.561153, 4.199557, 3.577616, 4.049941
3.918052, 4.090388, 4.575511, 4.184051, 3.589322, 4.043557
3.930567, 4.080788, 4.589738, 4.168325, 3.600982, 4.037019
3.942995, 4.071010, 4.603820, 4.152384, 3.612582, 4.030323
3.955322, 4.061055, 4.617742, 4.136233, 3.624112, 4.023467
3.967535, 4.050921, 4.631487, 4.119877, 3.635559, 4.016444
3.979620, 4.040608, 4.645040, 4.103322, 3.646910, 4.009251
3.991566, 4.030113, 4.658386, 4.086573, 3.658155, 4.001883
4.003358, 4.019437, 4.671510, 4.069636, 3.669281, 3.994337
4.014983, 4.008577, 4.684395, 4.052516, 3.680277, 3.986608
4.026428, 3.997534, 4.697026, 4.035219, 3.691129, 3.978691
4.037680, 3.986305, 4.709389, 4.017749, 3.701826, 3.970583
4.048726, 3.974891, 4.721467, 4.000113, 3.712356, 3.962280
4.059553, 3.963289, 4.733244, 3.982315, 3.722707, 3.953776
4.070147, 3.951499, 4.744707, 3.964361, 3.732868, 3.945068
4.080496, 3.939519, 4.755838, 3.946257, 3.742825, 3.936151
4.090586, 3.927350, 4.766622, 3.928007, 3.752567, 3.927021
4.100403, 3.914989, 4.777045, 3.909618, 3.762082, 3.917675
4.109936, 3.902436, 4.787090, 3.891094, 3.771359, 3.908106
4.119170, 3.889689, 4.796742, 3.872441, 3.780384, 3.898313
4.128092, 3.876748, 4.805985, 3.853665, 3.789146, 3.888289
4.136694, 3.863614, 4.814806, 3.834772, 3.797637, 3.878036
4.144977, 3.850305, 4.823194, 3.815772, 3.805868, 3.867571
4.152947, 3.836839, 4.831140, 3.796679, 3.813850, 3.856918
4.160610, 3.823234, 4.838635, 3.777504, 3.821598, 3.846099
4.167973, 3.809511, 4.845669, 3.758259, 3.829125, 3.835136
4.175040, 3.795687, 4.852234, 3.738957, 3.836444, 3.824052
4.181817, 3.781781, 4.858319, 3.719609, 3.843566, 3.812868
4.188297, 3.767802, 4.863912, 3.700223, 3.850489, 3.801592
4.194465, 3.753754, 4.868997, 3.680807, 3.857198, 3.790227
4.200307, 3.739638, 4.873558, 3.661368, 3.863682, 3.778774
4.205811, 3.725460, 4.877580, 3.641912, 3.869926, 3.767234
4.210962, 3.711222, 4.881046, 3.622446, 3.875920, 3.755610
4.215746, 3.696927, 4.883941, 3.602977, 3.881648, 3.743902
4.220149, 3.682579, 4.886249, 3.583512, 3.887099, 3.732113
4.224158, 3.668182, 4.887955, 3.564058, 3.892260, 3.720244
4.227759, 3.653739, 4.889043, 3.544622, 3.897117, 3.708297
4.230938, 3.639252, 4.889497, 3.525211, 3.901658, 3.696273
4.233680, 3.624726, 4.889302, 3.505830, 3.905869, 3.684174
4.235973, 3.610164, 4.888441, 3.486489, 3.909739, 3.672002
4.237802, 3.595569, 4.886899, 3.467192, 3.913254, 3.659757
4.239154, 3.580944, 4.884661, 3.447947, 3.916400, 3.647443
4.240014, 3.566294, 4.881710, 3.428762, 3.919166, 3.635060
4.240373, 3.551621, 4.878036, 3.409641, 3.921541, 3.622610
4.240275, 3.536923, 4.873715, 3.390576, 3.923555, 3.610097
4.239818, 3.522196, 4.868904, 3.371544, 3.925274, 3.597521
4.239097, 3.507431, 4.863764, 3.352522, 3.926763, 3.584886
4.238209, 3.492624, 4.858452, 3.333484, 3.928088, 3.572194
4.237252, 3.477768, 4.853130, 3.314408, 3.929314, 3.559448
4.236324, 3.462856, 4.847957, 3.295270, 3.930507, 3.546649
4.235518, 3.447882, 4.843089, 3.276047, 3.931732, 3.533800
4.234885, 3.432849, 4.838591, 3.256732, 3.933032, 3.520908
4.234424, 3.417768, 4.834426, 3.237337, 3.934422, 3.507984
4.234130, 3.402652, 4.830554, 3.217875, 3.935919, 3.495040
4.234002, 3.387511, 4.826932, 3.198359, 3.937537, 3.482087
4.234034, 3.372359, 4.823519, 3.178802, 3.939292, 3.469137
4.234223, 3.357206, 4.820272, 3.159217, 3.941199, 3.456201
4.234565, 3.342066, 4.817151, 3.139616, 3.943273, 3.443291
4.235030, 3.326943, 4.814104, 3.120012, 3.945493, 3.430409
4.235564, 3.311839, 4.811073, 3.100411, 3.947810, 3.417553
4.236119, 3.296754, 4.808010, 3.080824, 3.950173, 3.404720
4.236652, 3.281686, 4.804882, 3.061254, 3.952537, 3.391903
4.237125, 3.266634, 4.801661, 3.041707, 3.954858, 3.379098
4.237498, 3.251596, 4.798317, 3.022188, 3.957089, 3.366301
4.237731, 3.236571, 4.794820, 3.002702, 3.959187, 3.353506
4.237785, 3.221557, 4.791142, 2.983253, 3.961107, 3.340709
4.237619, 3.206553, 4.787252, 2.963847, 3.962803, 3.327906
4.237195, 3.191557, 4.783122, 2.944489, 3.964231, 3.315091
4.236471, 3.176568, 4.778723, 2.925184, 3.965346, 3.302260
4.235414, 3.161583, 4.774033, 2.905933, 3.966105, 3.289408
4.234002, 3.146594, 4.769062, 2.886730, 3.966473, 3.276525
4.232221, 3.131592, 4.763827, 2.867565, 3.966418, 3.263605
4.230080, 3.116571, 4.758354, 2.848429, 3.965943, 3.250643
4.227628, 3.101530, 4.752682, 2.829314, 3.965101, 3.237638
4.224914, 3.086465, 4.746850, 2.810213, 3.963945, 3.224591
4.221985, 3.071374, 4.740896, 2.791117, 3.962530, 3.211502
4.218894, 3.056255, 4.734863, 2.772019, 3.960910, 3.198373
4.215701, 3.041102, 4.728812, 2.752905, 3.959146, 3.185201
4.212469, 3.025910, 4.722810, 2.733759, 3.957298, 3.171986
4.209260, 3.010672, 4.716922, 2.714567, 3.955429, 3.158725
4.206137, 2.995383, 4.711216, 2.695313, 3.953598, 3.145418
4.203164, 2.980036, 4.705757, 2.675982, 3.951867, 3.132063
4.200402, 2.964626, 4.700612, 2.656560, 3.950297, 3.118659
4.197908, 2.949148, 4.695833, 2.637034, 3.948945, 3.105205
4.195693, 2.933612, 4.691383, 2.617420, 3.947848, 3.091708
4.193742, 2.918031, 4.687193, 2.597741, 3.947017, 3.078176
4.191997, 2.902422, 4.683179, 2.578022, 3.946406, 3.064622
4.190388, 2.886801, 4.679253, 2.558286, 3.945956, 3.051059
4.188846, 2.871186, 4.675327, 2.538559, 3.945605, 3.037499
4.187300, 2.855593, 4.671313, 2.518865, 3.945294, 3.023957
4.185682, 2.840039, 4.667123, 2.499227, 3.944962, 3.010445
4.183922, 2.824541, 4.662669, 2.479672, 3.944549, 2.996976
4.181954, 2.809115, 4.657870, 2.460220, 3.943997, 2.983563
4.179753, 2.793765, 4.652728, 2.440872, 3.943266, 2.970212
4.177320, 2.778488, 4.647295, 2.421609, 3.942333, 2.956927
4.174658, 2.763278, 4.641627, 2.402416, 3.941173, 2.943709
4.171767, 2.748133, 4.635780, 2.383274, 3.939761, 2.930563
4.168651, 2.733049, 4.629807, 2.364167, 3.938073, 2.917490
4.165311, 2.718021, 4.623764, 2.345077, 3.936084, 2.904492
4.161747, 2.703046, 4.617702, 2.325989, 3.933769, 2.891574
4.157938, 2.688127, 4.611631, 2.306898, 3.931092, 2.878742
4.153846, 2.673272, 4.605523, 2.287812, 3.928007, 2.866002
4.149430, 2.658490, 4.599351, 2.268738, 3.924470, 2.853366
4.144667, 2.643786, 4.593093, 2.249680, 3.920454, 2.840838
4.139565, 2.629163, 4.586737, 2.230646, 3.915979, 2.828422
4.134139, 2.614625, 4.580274, 2.211640, 3.911072, 2.816117
4.128404, 2.600173, 4.573695, 2.192665, 3.905759, 2.803926
4.122381, 2.585807, 4.567002, 2.173726, 3.900070, 2.791848
4.116093, 2.571528, 4.560204, 2.154819, 3.894037, 2.779883
4.109566, 2.557335, 4.553314, 2.135945, 3.887692, 2.768030
4.102825, 2.543227, 4.546342, 2.117103, 3.881066, 2.756290
4.095894, 2.529204, 4.539300, 2.098291, 3.874191, 2.744661
4.088798, 2.515265, 4.532198, 2.079508, 3.867098, 2.733143
4.081563, 2.501409, 4.525048, 2.060753, 3.859821, 2.721736
4.074214, 2.487635, 4.517861, 2.042025, 3.852390, 2.710440
4.066775, 2.473943, 4.510649, 2.023324, 3.844837, 2.699253
4.059271, 2.460333, 4.503422, 2.004647, 3.837195, 2.688176
4.051727, 2.446804, 4.496192, 1.985995, 3.829495, 2.677208
4.044168, 2.433354, 4.488969, 1.967365, 3.821768, 2.666349
4.036615, 2.419982, 4.481764, 1.948757, 3.814040, 2.655594
4.029070, 2.406674, 4.474580, 1.930165, 3.806314, 2.644928
4.021529, 2.393418, 4.467412, 1.911586, 3.798587, 2.634335
4.013982, 2.380205, 4.460243, 1.893021, 3.790852, 2.623798
4.006420, 2.367024, 4.453054, 1.874470, 3.783102, 2.613301
3.998831, 2.353864, 4.445828, 1.855935, 3.775333, 2.602828
3.991207, 2.340715, 4.438547, 1.837417, 3.767537, 2.592364
3.983540, 2.327574, 4.431196, 1.818917, 3.759713, 2.581902
3.975826, 2.314440, 4.423757, 1.800441, 3.751861, 2.571439
3.968074, 2.301307, 4.416244, 1.781983, 3.743989, 2.560970
3.960319, 2.288164, 4.408721, 1.763524, 3.736118, 2.550484
3.952596, 2.274998, 4.401254, 1.745045, 3.728267, 2.539974
3.944943, 2.261794, 4.393909, 1.726524, 3.720460, 2.529430
3.937395, 2.248542, 4.386755, 1.707941, 3.712715, 2.518842
3.929989, 2.235227, 4.379857, 1.689277, 3.705055, 2.508202
3.922761, 2.221837, 4.373282, 1.670510, 3.697500, 2.497500
3.915725, 2.208365, 4.367053, 1.651634, 3.690061, 2.486731
3.908850, 2.194818, 4.361101, 1.632667, 3.682724, 2.475894
3.902100, 2.181205, 4.355348, 1.613633, 3.675475, 2.464991
3.895429, 2.167546, 4.349714, 1.594556, 3.668286, 2.454040
3.888768, 2.153894, 4.344109, 1.575475, 3.661098, 2.443103
3.882045, 2.140307, 4.338443, 1.556428, 3.653847, 2.432246
3.875187, 2.126843, 4.332625, 1.537453, 3.646467, 2.421538
3.868119, 2.113560, 4.326565, 1.518589, 3.638896, 2.411045
3.860770, 2.100516, 4.320172, 1.499876, 3.631069, 2.400836
3.853084, 2.087759, 4.313384, 1.481341, 3.622934, 2.390968
3.845081, 2.075280, 4.306239, 1.462972, 3.614502, 2.381435
3.836806, 2.063053, 4.298807, 1.444744, 3.605805, 2.372207
3.828302, 2.051048, 4.291153, 1.426632, 3.596877, 2.363256
3.819615, 2.039237, 4.283345, 1.408609, 3.587750, 2.354551
3.810788, 2.027592, 4.275450, 1.390651, 3.578457, 2.346063
3.801865, 2.016085, 4.267534, 1.372732, 3.569031, 2.337762
3.792886, 2.004690, 4.259656, 1.354831, 3.559501, 2.329619
3.783867, 1.993387, 4.251827, 1.336941, 3.549888, 2.321610
3.774819, 1.982161, 4.244047, 1.319061, 3.540205, 2.313711
3.765751, 1.970995, 4.236314, 1.301189, 3.530470, 2.305897
3.756675, 1.959872, 4.228628, 1.283324, 3.520698, 2.298147
3.747599, 1.948778, 4.220989, 1.265463, 3.510905, 2.290435
3.738535, 1.937694, 4.213394, 1.247606, 3.501105, 2.282738
3.729490, 1.926605, 4.205839, 1.229750, 3.491315, 2.275032
3.720460, 1.915492, 4.198295, 1.211890, 3.481543, 2.267293
3.711437, 1.904338, 4.190724, 1.194022, 3.471794, 2.259496
3.702413, 1.893124, 4.183087, 1.176139, 3.462076, 2.251617
3.693379, 1.881832, 4.175346, 1.158236, 3.452395, 2.243630
3.684326, 1.870443, 4.167463, 1.140307, 3.442757, 2.235511
3.675244, 1.858942, 4.159400, 1.122348, 3.433166, 2.227240
3.666113, 1.847331, 4.151118, 1.104360, 3.423611, 2.218817
3.656925, 1.835619, 4.142605, 1.086349, 3.414086, 2.210253
3.647677, 1.823814, 4.133862, 1.068323, 3.404584, 2.201559
3.638364, 1.811927, 4.124892, 1.050289, 3.395100, 2.192745
3.628985, 1.799967, 4.115694, 1.032255, 3.385630, 2.183822
3.619536, 1.787943, 4.106271, 1.014227, 3.376168, 2.174801
3.610014, 1.775865, 4.096623, 0.996215, 3.366709, 2.165691
3.600416, 1.763744, 4.086752, 0.978224, 3.357248, 2.156504
3.590739, 1.751587, 4.076659, 0.960262, 3.347780, 2.147249
3.580981, 1.739405, 4.066345, 0.942337, 3.338299, 2.137939
3.571138, 1.727207, 4.055810, 0.924457, 3.328802, 2.128583
3.561207, 1.715003, 4.045058, 0.906628, 3.319282, 2.119191
3.551185, 1.702802, 4.034088, 0.888858, 3.309734, 2.109775
3.541069, 1.690614, 4.022901, 0.871155, 3.300154, 2.100344
3.530857, 1.678449, 4.011500, 0.853525, 3.290536, 2.090910
3.520545, 1.666315, 3.999884, 0.835977, 3.280875, 2.081483
3.510129, 1.654222, 3.988056, 0.818518, 3.271166, 2.072074
3.499608, 1.642180, 3.976017, 0.801156, 3.261404, 2.062693
3.488978, 1.630199, 3.963767, 0.783897, 3.251584, 2.053350
3.478237, 1.618288, 3.951309, 0.766749, 3.241701, 2.044057
3.467380, 1.606456, 3.938642, 0.749720, 3.231749, 2.034824
3.456405, 1.594713, 3.925769, 0.732817, 3.221723, 2.025661
3.445310, 1.583069, 3.912690, 0.716048, 3.211620, 2.016579
3.434090, 1.571532, 3.899407, 0.699420, 3.201432, 2.007589
3.422744, 1.560114, 3.885921, 0.682940, 3.191156, 1.998700
3.411268, 1.548822, 3.872233, 0.666615, 3.180785, 1.989925
3.399659, 1.537667, 3.858344, 0.650455, 3.170316, 1.981273
3.387913, 1.526658, 3.844256, 0.634464, 3.159742, 1.972754
3.376029, 1.515804, 3.829969, 0.618652, 3.149059, 1.964380
3.364003, 1.505116, 3.815486, 0.603026, 3.138262, 1.956161
3.351832, 1.494603, 3.800806, 0.587593, 3.127346, 1.948108
3.339514, 1.484272, 3.785932, 0.572360, 3.116305, 1.940229
3.327054, 1.474120, 3.770867, 0.557329, 3.105148, 1.932516
3.314462, 1.464135, 3.755617, 0.542502, 3.093884, 1.924951
3.301747, 1.454303, 3.740188, 0.527878, 3.082527, 1.917516
3.288920, 1.444614, 3.724584, 0.513458, 3.071088, 1.910193
3.275991, 1.435056, 3.708812, 0.499242, 3.059580, 1.902963
3.262968, 1.425615, 3.692877, 0.485229, 3.048014, 1.895808
3.249862, 1.416281, 3.676784, 0.471421, 3.036402, 1.888711
3.236683, 1.407041, 3.660538, 0.457818, 3.024756, 1.881652
3.223441, 1.397882, 3.644146, 0.444419, 3.013088, 1.874614
3.210144, 1.388795, 3.627612, 0.431226, 3.001410, 1.867580
3.196797, 1.379777, 3.610940, 0.418242, 2.989725, 1.860544
3.183401, 1.370831, 3.594133, 0.405472, 2.978035, 1.853510
3.169957, 1.361961, 3.577193, 0.392922, 2.966339, 1.846480
3.156466, 1.353169, 3.560122, 0.380597, 2.954638, 1.839455
3.142930, 1.344460, 3.542924, 0.368503, 2.942933, 1.832438
3.129349, 1.335836, 3.525601, 0.356644, 2.931223, 1.825431
3.115725, 1.327300, 3.508155, 0.345027, 2.919510, 1.818437
3.102059, 1.318857, 3.490589, 0.333656, 2.907793, 1.811458
3.088351, 1.310509, 3.472906, 0.322537, 2.896074, 1.804495
3.074604, 1.302260, 3.455108, 0.311675, 2.884352, 1.797552
3.060818, 1.294112, 3.437198, 0.301076, 2.872628, 1.790630
3.046995, 1.286069, 3.419178, 0.290745, 2.860903, 1.783731
3.033135, 1.278135, 3.401052, 0.280688, 2.849177, 1.776858
3.019240, 1.270312, 3.382820, 0.270909, 2.837450, 1.770014
3.005310, 1.262604, 3.364487, 0.261414, 2.825722, 1.763199
2.991348, 1.255014, 3.346054, 0.252208, 2.813995, 1.756418
2.977354, 1.247546, 3.327525, 0.243297, 2.802268, 1.749671
2.963329, 1.240203, 3.308901, 0.234687, 2.790542, 1.742961
2.949274, 1.232987, 3.290186, 0.226381, 2.778818, 1.736290
2.935191, 1.225903, 3.271382, 0.218387, 2.767096, 1.729661
2.921081, 1.218953, 3.252491, 0.210709, 2.755376, 1.723075
2.906945, 1.212141, 3.233517, 0.203352, 2.743659, 1.716535
2.892783, 1.205470, 3.214461, 0.196323, 2.731944, 1.710044
2.878598, 1.198944, 3.195327, 0.189625, 2.720234, 1.703603
2.864390, 1.192565, 3.176116, 0.183266, 2.708527, 1.697214
2.850161, 1.186337, 3.156832, 0.177249, 2.696825, 1.690881
2.835910, 1.180263, 3.137476, 0.171581, 2.685128, 1.684605
2.821640, 1.174348, 3.118052, 0.166266, 2.673433, 1.678389
2.807349, 1.168595, 3.098561, 0.161312, 2.661742, 1.672237
2.793038, 1.163008, 3.079006, 0.156722, 2.650054, 1.666150
2.778708, 1.157590, 3.059390, 0.152503, 2.638368, 1.660133
2.764361, 1.152338, 3.039716, 0.148647, 2.626684, 1.654184
2.750002, 1.147227, 3.019997, 0.145098, 2.615004, 1.648292
2.735637, 1.142223, 3.000250, 0.141789, 2.603331, 1.642440
2.721274, 1.137293, 2.980488, 0.138652, 2.591668, 1.636613
2.706920, 1.132404, 2.960726, 0.135620, 2.580017, 1.630796
2.692580, 1.127523, 2.940980, 0.132623, 2.568380, 1.624973
2.678262, 1.122618, 2.921264, 0.129596, 2.556761, 1.619129
2.663973, 1.117656, 2.901593, 0.126469, 2.545163, 1.613249
2.649718, 1.112603, 2.881983, 0.123176, 2.533586, 1.607316
2.635506, 1.107427, 2.862447, 0.119648, 2.522036, 1.601316
2.621343, 1.102094, 2.843002, 0.115818, 2.510513, 1.595232
2.607234, 1.096573, 2.823662, 0.111618, 2.499020, 1.589051
2.593188, 1.090830, 2.804442, 0.106980, 2.487561, 1.582755
2.579211, 1.084832, 2.785357, 0.101837, 2.476138, 1.576330
2.565310, 1.078546, 2.766422, 0.096120, 2.464753, 1.569759
2.551490, 1.071940, 2.747652, 0.089763, 2.453410, 1.563029
2.537754, 1.065007, 2.729048, 0.082749, 2.442106, 1.556136
2.524086, 1.057796, 2.710585, 0.075177, 2.430836, 1.549106
2.510471, 1.050364, 2.692231, 0.067158, 2.419591, 1.541967
2.496893, 1.042769, 2.673957, 0.058807, 2.408362, 1.534750
2.483338, 1.035068, 2.655732, 0.050237, 2.397141, 1.527483
2.469788, 1.027318, 2.637525, 0.041561, 2.385920, 1.520196
2.456230, 1.019576, 2.619306, 0.032892, 2.374691, 1.512918
2.442646, 1.011900, 2.601045, 0.024344, 2.363446, 1.505677
2.429022, 1.004346, 2.582711, 0.016029, 2.352177, 1.498504
2.415341, 0.996972, 2.564274, 0.008061, 2.340875, 1.491427
2.401589, 0.989834, 2.545703, 0.000553, 2.329532, 1.484475
2.387749, 0.982991, 2.526969, -0.006382, 2.318139, 1.477678
2.373814, 0.976473, 2.508054, -0.012683, 2.306693, 1.471052
2.359791, 0.970247, 2.488978, -0.018419, 2.295198, 1.464579
2.345694, 0.964267, 2.469766, -0.023678, 2.283658, 1.458240
2.331533, 0.958492, 2.450440, -0.028550, 2.272079, 1.452012
2.317321, 0.952876, 2.431027, -0.033124, 2.260468, 1.445875
2.303069, 0.947375, 2.411550, -0.037487, 2.248829, 1.439807
2.288789, 0.941947, 2.392033, -0.041730, 2.237167, 1.433786
2.274493, 0.936548, 2.372501, -0.045940, 2.225489, 1.427792
2.260192, 0.931132, 2.352978, -0.050207, 2.213799, 1.421802
2.245899, 0.925658, 2.333489, -0.054619, 2.202104, 1.415796
2.231625, 0.920080, 2.314057, -0.059266, 2.190409, 1.409752
2.217380, 0.914360, 2.294705, -0.064225, 2.178718, 1.403652
2.203162, 0.908507, 2.275428, -0.069482, 2.167030, 1.397501
2.188963, 0.902549, 2.256209, -0.074977, 2.155340, 1.391312
2.174773, 0.896520, 2.237033, -0.080650, 2.143643, 1.385104
2.160585, 0.890448, 2.217883, -0.086440, 2.131935, 1.378892
2.146388, 0.884365, 2.198742, -0.092288, 2.120211, 1.372691
2.132176, 0.878301, 2.179594, -0.098133, 2.108467, 1.366518
2.117938, 0.872288, 2.160421, -0.103914, 2.096697, 1.360389
2.103667, 0.866356, 2.141208, -0.109571, 2.084896, 1.354319
2.089353, 0.860535, 2.121938, -0.115045, 2.073061, 1.348325
2.074994, 0.854840, 2.102606, -0.120307, 2.061189, 1.342414
2.060591, 0.849275, 2.083214, -0.125353, 2.049280, 1.336588
2.046145, 0.843840, 2.063767, -0.130179, 2.037334, 1.330850
2.031657, 0.838539, 2.044267, -0.134784, 2.025352, 1.325200
2.017129, 0.833372, 2.024719, -0.139164, 2.013335, 1.319640
2.002563, 0.828342, 2.005125, -0.143316, 2.001281, 1.314171
1.988142, 0.821738, 1.985551, -0.147809, 1.989438, 1.306511
1.973686, 0.815360, 1.965939, -0.152040, 1.977560, 1.299060
1.959196, 0.809209, 1.946292, -0.156007, 1.965648, 1.291816
1.944674, 0.803284, 1.926615, -0.159709, 1.953704, 1.284780
1.930122, 0.797585, 1.906911, -0.163142, 1.941727, 1.277948
1.915542, 0.792112, 1.887184, -0.166305, 1.929721, 1.271320
1.900935, 0.786865, 1.867437, -0.169196, 1.917685, 1.264895
1.886305, 0.781843, 1.847674, -0.171813, 1.905620, 1.258670
1.871652, 0.777046, 1.827900, -0.174153, 1.893528, 1.252646
1.856979, 0.772474, 1.808117, -0.176217, 1.881410, 1.246819
1.842285, 0.768113, 1.788326, -0.178025, 1.869265, 1.241183
1.827572, 0.763948, 1.768527, -0.179609, 1.857095, 1.235727
1.812839, 0.759961, 1.748719, -0.181002, 1.844899, 1.230443
1.798085, 0.756135, 1.728903, -0.182234, 1.832676, 1.225320
1.783311, 0.752453, 1.709078, -0.183337, 1.820428, 1.220348
1.768517, 0.748897, 1.689242, -0.184345, 1.808154, 1.215518
1.753702, 0.745451, 1.669397, -0.185287, 1.795854, 1.210819
1.738866, 0.742096, 1.649541, -0.186197, 1.783529, 1.206243
1.724010, 0.738817, 1.629675, -0.187106, 1.771177, 1.201778
1.709132, 0.735595, 1.609796, -0.188045, 1.758800, 1.197415
1.694234, 0.732414, 1.589907, -0.189048, 1.746397, 1.193145
1.679314, 0.729256, 1.570004, -0.190145, 1.733968, 1.188957
1.664373, 0.726105, 1.550090, -0.191368, 1.721514, 1.184841
1.649411, 0.722963, 1.530164, -0.192709, 1.709035, 1.180799
1.634431, 0.719863, 1.510232, -0.194099, 1.696531, 1.176844
1.619436, 0.716844, 1.490298, -0.195460, 1.684005, 1.172996
1.604427, 0.713941, 1.470367, -0.196716, 1.671458, 1.169270
1.589408, 0.711192, 1.450444, -0.197791, 1.658890, 1.165684
1.574381, 0.708634, 1.430533, -0.198609, 1.646305, 1.162255
1.559348, 0.706303, 1.410640, -0.199094, 1.633701, 1.159001
1.544311, 0.704236, 1.390769, -0.199168, 1.621082, 1.155938
1.529274, 0.702470, 1.370925, -0.198757, 1.608449, 1.153084
1.514237, 0.701013, 1.351109, -0.197843, 1.595801, 1.150441
1.499197, 0.699832, 1.331317, -0.196487, 1.583138, 1.147992
1.484153, 0.698894, 1.311544, -0.194756, 1.570458, 1.145718
1.469102, 0.698162, 1.291784, -0.192716, 1.557761, 1.143601
1.454042, 0.697603, 1.272034, -0.190436, 1.545046, 1.141622
1.438970, 0.697181, 1.252288, -0.187981, 1.532311, 1.139762
1.423885, 0.696862, 1.232543, -0.185420, 1.519556, 1.138003
1.408784, 0.696611, 1.212792, -0.182819, 1.506780, 1.136327
1.393664, 0.696393, 1.193032, -0.180246, 1.493980, 1.134713
1.378524, 0.696174, 1.173257, -0.177767, 1.481157, 1.133144
1.363361, 0.695917, 1.153464, -0.175450, 1.468310, 1.131601
1.348173, 0.695590, 1.133646, -0.173362, 1.455436, 1.130066
1.332957, 0.695156, 1.113800, -0.171569, 1.442536, 1.128519
1.317712, 0.694582, 1.093920, -0.170140, 1.429607, 1.126942
1.302434, 0.693831, 1.074002, -0.169140, 1.416650, 1.125317
1.287123, 0.692873, 1.054042, -0.168633, 1.403663, 1.123626
1.271778, 0.691716, 1.034041, -0.168597, 1.390647, 1.121872
1.256404, 0.690406, 1.014007, -0.168937, 1.377603, 1.120077
1.241005, 0.688989, 0.993948, -0.169560, 1.364534, 1.118263
1.225585, 0.687513, 0.973871, -0.170368, 1.351442, 1.116453
1.210147, 0.686023, 0.953784, -0.171266, 1.338329, 1.114667
1.194696, 0.684566, 0.933695, -0.172158, 1.325196, 1.112928
1.179234, 0.683190, 0.913610, -0.172949, 1.312047, 1.111259
1.163768, 0.681940, 0.893539, -0.173543, 1.298882, 1.109681
1.148299, 0.680863, 0.873488, -0.173844, 1.285704, 1.108216
1.132832, 0.680006, 0.853465, -0.173756, 1.272516, 1.106886
1.117371, 0.679414, 0.833477, -0.173185, 1.259318, 1.105714
1.101917, 0.679104, 0.813528, -0.172098, 1.246112, 1.104705
1.086469, 0.679049, 0.793612, -0.170542, 1.232897, 1.103845
1.071023, 0.679222, 0.773724, -0.168574, 1.219672, 1.103120
1.055576, 0.679593, 0.753860, -0.166247, 1.206435, 1.102513
1.040128, 0.680133, 0.734014, -0.163616, 1.193185, 1.102008
1.024674, 0.680815, 0.714180, -0.160737, 1.179921, 1.101591
1.009214, 0.681609, 0.694355, -0.157664, 1.166643, 1.101245
0.993743, 0.682487, 0.674533, -0.154451, 1.153348, 1.100956
0.978260, 0.683419, 0.654708, -0.151154, 1.140036, 1.100706
0.962763, 0.684379, 0.634876, -0.147828, 1.126706, 1.100482
0.947248, 0.685336, 0.615031, -0.144527, 1.113356, 1.100267
0.931713, 0.686262, 0.595169, -0.141305, 1.099986, 1.100045
0.916157, 0.687128, 0.575284, -0.138219, 1.086593, 1.099802
0.900576, 0.687910, 0.555373, -0.135315, 1.073178, 1.099523
0.884973, 0.688611, 0.535437, -0.132584, 1.059741, 1.099208
0.869350, 0.689246, 0.515482, -0.129993, 1.046283, 1.098865
0.853710, 0.689832, 0.495515, -0.127505, 1.032807, 1.098500
0.838055, 0.690385, 0.475540, -0.125086, 1.019313, 1.098121
0.822390, 0.690922, 0.455564, -0.122699, 1.005804, 1.097733
0.806717, 0.691460, 0.435593, -0.120310, 0.992280, 1.097345
0.791039, 0.692014, 0.415631, -0.117884, 0.978744, 1.096963
0.775359, 0.692600, 0.395686, -0.115386, 0.965196, 1.096593
0.759680, 0.693237, 0.375762, -0.112779, 0.951639, 1.096244
0.744006, 0.693944, 0.355866, -0.110027, 0.938077, 1.095929
0.728343, 0.694747, 0.336004, -0.107092, 0.924512, 1.095666
0.712695, 0.695671, 0.316183, -0.103936, 0.910951, 1.095474
0.697069, 0.696742, 0.296410, -0.100520, 0.897398, 1.095372
0.681467, 0.697972, 0.276686, -0.096830, 0.883857, 1.095373
0.665887, 0.699349, 0.257004, -0.092906, 0.870329, 1.095476
0.650328, 0.700854, 0.237356, -0.088796, 0.856814, 1.095678
0.634787, 0.702468, 0.217732, -0.084549, 0.843314, 1.095977
0.619261, 0.704175, 0.198123, -0.080214, 0.829830, 1.096369
0.603748, 0.705955, 0.178520, -0.075838, 0.816362, 1.096852
0.588245, 0.707792, 0.158914, -0.071470, 0.802910, 1.097423
0.572750, 0.709667, 0.139296, -0.067158, 0.789477, 1.098079
0.557261, 0.711561, 0.119657, -0.062951, 0.776063, 1.098817
0.541775, 0.713462, 0.099990, -0.058887, 0.762668, 1.099637
0.526297, 0.715378, 0.080296, -0.054964, 0.749297, 1.100549
0.510828, 0.717322, 0.060578, -0.051165, 0.735954, 1.101566
0.495374, 0.719308, 0.040840, -0.047477, 0.722641, 1.102700
0.479937, 0.721350, 0.021084, -0.043882, 0.709364, 1.103966
0.464522, 0.723462, 0.001314, -0.040368, 0.696126, 1.105376
0.449132, 0.725657, -0.018466, -0.036917, 0.682931, 1.106943
0.433770, 0.727949, -0.038253, -0.033515, 0.669782, 1.108681
0.418442, 0.730352, -0.058045, -0.030146, 0.656685, 1.110602
0.403149, 0.732881, -0.077837, -0.026796, 0.643642, 1.112719
0.387896, 0.735547, -0.097627, -0.023450, 0.630658, 1.115046
0.372688, 0.738367, -0.117411, -0.020091, 0.617737, 1.117595
0.357526, 0.741352, -0.137186, -0.016704, 0.604882, 1.120380
0.342415, 0.744516, -0.156948, -0.013276, 0.592097, 1.123412
0.327354, 0.747860, -0.176697, -0.009794, 0.579379, 1.126687
0.312341, 0.751379, -0.196429, -0.006250, 0.566726, 1.130194
0.297373, 0.755070, -0.216146, -0.002635, 0.554132, 1.133923
0.282448, 0.758929, -0.235844, 0.001062, 0.541594, 1.137863
0.267564, 0.762952, -0.255523, 0.004849, 0.529107, 1.142004
0.252717, 0.767135, -0.275181, 0.008736, 0.516667, 1.146334
0.237907, 0.771473, -0.294818, 0.012732, 0.504270, 1.150843
0.223131, 0.775962, -0.314431, 0.016845, 0.491912, 1.155521
0.208385, 0.780600, -0.334021, 0.021087, 0.479588, 1.160356
0.193669, 0.785381, -0.353584, 0.025465, 0.467295, 1.165339
0.178978, 0.790301, -0.373121, 0.029989, 0.455028, 1.170457
0.164313, 0.795358, -0.392628, 0.034669, 0.442783, 1.175702
0.149671, 0.800546, -0.412103, 0.039515, 0.430558, 1.181062
0.135052, 0.805863, -0.431540, 0.044537, 0.418347, 1.186526
0.120455, 0.811306, -0.450933, 0.049746, 0.406150, 1.192086
0.105881, 0.816870, -0.470279, 0.055152, 0.393961, 1.197729
0.091328, 0.822552, -0.489571, 0.060765, 0.381778, 1.203446
0.076797, 0.828350, -0.508806, 0.066596, 0.369598, 1.209226
0.062286, 0.834259, -0.527977, 0.072656, 0.357417, 1.215060
0.047795, 0.840276, -0.547080, 0.078955, 0.345233, 1.220936
0.033324, 0.846396, -0.566111, 0.085502, 0.333041, 1.226843
0.018869, 0.852609, -0.585069, 0.092289, 0.320838, 1.232768
0.004426, 0.858897, -0.603957, 0.099303, 0.308617, 1.238694
-0.010009, 0.865245, -0.622778, 0.106529, 0.296375, 1.244603
-0.024441, 0.871636, -0.641534, 0.113951, 0.284106, 1.250479
-0.038873, 0.878055, -0.660227, 0.121556, 0.271804, 1.256305
-0.053310, 0.884486, -0.678861, 0.129328, 0.259465, 1.262065
-0.067756, 0.890913, -0.697438, 0.137253, 0.247084, 1.267743
-0.082216, 0.897319, -0.715960, 0.145316, 0.234655, 1.273320
-0.096690, 0.903695, -0.734428, 0.153505, 0.222179, 1.278790
-0.111156, 0.910070, -0.752837, 0.161819, 0.209684, 1.284195
-0.125583, 0.916488, -0.771177, 0.170264, 0.197214, 1.289600
-0.139940, 0.922994, -0.789439, 0.178847, 0.184809, 1.295067
-0.154195, 0.929637, -0.807610, 0.187582, 0.172513, 1.300664
-0.168312, 0.936468, -0.825673, 0.196490, 0.160369, 1.306457
-0.182258, 0.943539, -0.843613, 0.205591, 0.148419, 1.312513
-0.195999, 0.950902, -0.861416, 0.214905, 0.136709, 1.318901
-0.209501, 0.958608, -0.879064, 0.224452, 0.125280, 1.325686
-0.222730, 0.966710, -0.896543, 0.234254, 0.114176, 1.332938
-0.235661, 0.975244, -0.913841, 0.244324, 0.103429, 1.340704
-0.248324, 0.984166, -0.930963, 0.254653, 0.092995, 1.348923
-0.260770, 0.993403, -0.947921, 0.265218, 0.082805, 1.357496
-0.273048, 1.002881, -0.964728, 0.275998, 0.072792, 1.366323
-0.285208, 1.012526, -0.981397, 0.286971, 0.062886, 1.375303
-0.297301, 1.022263, -0.997940, 0.298116, 0.053018, 1.384337
-0.309374, 1.032022, -1.014369, 0.309411, 0.043123, 1.393327
-0.321442, 1.041782, -1.030685, 0.320854, 0.033180, 1.402245
-0.333487, 1.051561, -1.046877, 0.332454, 0.023207, 1.411115
-0.345496, 1.061383, -1.062936, 0.344220, 0.013225, 1.419965
-0.357449, 1.071268, -1.078853, 0.356164, 0.003252, 1.428820
-0.369333, 1.081237, -1.094618, 0.368295, -0.006690, 1.437708
-0.381130, 1.091312, -1.110221, 0.380623, -0.016584, 1.446656
-0.392829, 1.101506, -1.125655, 0.393158, -0.026415, 1.455681
-0.404429, 1.111821, -1.140915, 0.405900, -0.036186, 1.464781
-0.415931, 1.122254, -1.155997, 0.418854, -0.045898, 1.473954
-0.427334, 1.132804, -1.170896, 0.432021, -0.055554, 1.483195
-0.438640, 1.143469, -1.185610, 0.445405, -0.065156, 1.492501
-0.449849, 1.154249, -1.200132, 0.459007, -0.074707, 1.501870
-0.460959, 1.165141, -1.214461, 0.472831, -0.084209, 1.511296
-0.471973, 1.176145, -1.228590, 0.486880, -0.093665, 1.520777
-0.482890, 1.187258, -1.242517, 0.501155, -0.103076, 1.530310
-0.493710, 1.198480, -1.256237, 0.515659, -0.112447, 1.539891
-0.504434, 1.209809, -1.269746, 0.530395, -0.121778, 1.549516
-0.515062, 1.221243, -1.283040, 0.545366, -0.131073, 1.559182
-0.525593, 1.232782, -1.296115, 0.560575, -0.140333, 1.568886
-0.536024, 1.244429, -1.308965, 0.576025, -0.149554, 1.578632
-0.546346, 1.256192, -1.321583, 0.591722, -0.158727, 1.588427
-0.556550, 1.268078, -1.333962, 0.607672, -0.167845, 1.598281
-0.566630, 1.280094, -1.346095, 0.623880, -0.176898, 1.608201
-0.576577, 1.292249, -1.357976, 0.640353, -0.185877, 1.618197
-0.586382, 1.304549, -1.369597, 0.657095, -0.194774, 1.628275
-0.596038, 1.317001, -1.380952, 0.674112, -0.203581, 1.638446
-0.605537, 1.329614, -1.392034, 0.691409, -0.212288, 1.648716
-0.614870, 1.342394, -1.402836, 0.708993, -0.220888, 1.659094
-0.624030, 1.355349, -1.413351, 0.726869, -0.229370, 1.669590
-0.633009, 1.368487, -1.423572, 0.745041, -0.237728, 1.680210
-0.641798, 1.381815, -1.433492, 0.763517, -0.245951, 1.690963
-0.650391, 1.395338, -1.443106, 0.782301, -0.254033, 1.701857
-0.658783, 1.409060, -1.452406, 0.801396, -0.261972, 1.712892
-0.666973, 1.422981, -1.461389, 0.820807, -0.269765, 1.724068
-0.674958, 1.437101, -1.470050, 0.840536, -0.277412, 1.735384
-0.682736, 1.451423, -1.478382, 0.860587, -0.284912, 1.746840
-0.690303, 1.465945, -1.486383, 0.880964, -0.292263, 1.758436
-0.697658, 1.480671, -1.494045, 0.901669, -0.299465, 1.770171
-0.704798, 1.495599, -1.501365, 0.922706, -0.306515, 1.782046
-0.711721, 1.510732, -1.508337, 0.944079, -0.313413, 1.794059
-0.718424, 1.526070, -1.514956, 0.965791, -0.320157, 1.806210
-0.724904, 1.541614, -1.521218, 0.987844, -0.326747, 1.818499
-0.731159, 1.557365, -1.527117, 1.010244, -0.333181, 1.830925
-0.737187, 1.573323, -1.532647, 1.032992, -0.339457, 1.843489
-0.742985, 1.589491, -1.537806, 1.056093, -0.345575, 1.856189
-0.748551, 1.605867, -1.542586, 1.079550, -0.351533, 1.869026
-0.753881, 1.622455, -1.546983, 1.103365, -0.357331, 1.881999
